Feature,Importance
TeamGridInteraction,0.3735029601688654
GridToPodiumRate,0.10856522476786264
GridPosition,0.0923210594448695
TeamForm,0.08735446361134369
GridPositionSq,0.08361912998453842
TopFive,0.08267996697057754
PointsMomentum,0.06478451563995409
DriverForm,0.05543478368610725
CircuitHistory,0.04332992839582224
FrontRow,0.007369191730654813
Pole,0.0009275356789815424
DNFRisk,0.00011123992042283365
